{"cameraMode":{"drawMode":0,"name":"Shaded","section":"Shading Mode"},"sceneLighting":false,"audioPlay":false,"sceneViewState":{"showFog":false,"showMaterialUpdate":false,"showSkybox":false,"showFlares":true,"showImageEffects":true,"showParticleSystems":true},"in2DMode":false,"pivot":{"x":77.08567810058594,"y":78.28573608398438,"z":188.5856475830078},"rotation":{"x":-0.28704792261123659,"y":0.03217657282948494,"z":-0.009647422470152378,"w":-0.9573362469673157},"size":524.6256103515625,"orthographic":false}