{"cameraMode":{"drawMode":0,"name":"Shaded","section":"Shading Mode"},"sceneLighting":false,"audioPlay":false,"sceneViewState":{"showFog":false,"showMaterialUpdate":false,"showSkybox":false,"showFlares":true,"showImageEffects":true,"showParticleSystems":true},"in2DMode":false,"pivot":{"x":-34.29964828491211,"y":16.768415451049806,"z":6.453910827636719},"rotation":{"x":0.09662672132253647,"y":0.41441887617111208,"z":-0.04430406168103218,"w":0.9038634300231934},"size":173.51170349121095,"orthographic":true}