{"cameraMode":{"drawMode":0,"name":"Shaded","section":"Shading Mode"},"sceneLighting":true,"audioPlay":false,"sceneViewState":{"showFog":false,"showMaterialUpdate":false,"showSkybox":false,"showFlares":true,"showImageEffects":true,"showParticleSystems":true},"in2DMode":false,"pivot":{"x":-148.55715942382813,"y":-12.858597755432129,"z":299.9990234375},"rotation":{"x":0.1337658315896988,"y":-0.3583344519138336,"z":0.0519598089158535,"w":0.92249995470047},"size":157.16293334960938,"orthographic":true}