{"cameraMode":{"drawMode":0,"name":"Shaded","section":"Shading Mode"},"sceneLighting":false,"audioPlay":false,"sceneViewState":{"showFog":false,"showMaterialUpdate":false,"showSkybox":false,"showFlares":true,"showImageEffects":true,"showParticleSystems":true},"in2DMode":false,"pivot":{"x":-170.8000030517578,"y":-14.792388916015625,"z":299.9984130859375},"rotation":{"x":0.19313138723373414,"y":0.07937806099653244,"z":-0.015678077936172487,"w":0.9778324961662293},"size":68.09896850585938,"orthographic":false}