{"cameraMode":{"drawMode":0,"name":"Shaded","section":"Shading Mode"},"sceneLighting":false,"audioPlay":false,"sceneViewState":{"showFog":false,"showMaterialUpdate":false,"showSkybox":false,"showFlares":true,"showImageEffects":true,"showParticleSystems":true},"in2DMode":false,"pivot":{"x":920.1360473632813,"y":484.82574462890627,"z":-566.1439208984375},"rotation":{"x":-0.17546077072620393,"y":-0.16105394065380097,"z":0.029109153896570207,"w":-0.9707894921302795},"size":22.0,"orthographic":false}