{"cameraMode":{"drawMode":0,"name":"Shaded","section":"Shading Mode"},"sceneLighting":true,"audioPlay":false,"sceneViewState":{"showFog":false,"showMaterialUpdate":false,"showSkybox":false,"showFlares":true,"showImageEffects":true,"showParticleSystems":true},"in2DMode":false,"pivot":{"x":-0.000001430511474609375,"y":9.870931625366211,"z":0.0034465789794921877},"rotation":{"x":0.21662035584449769,"y":0.6393933296203613,"z":-0.1946393996477127,"w":0.7116029858589172},"size":49.004364013671878,"orthographic":false}